author;score;utc
t2_49l8qytq;275811;1611896783.0
t2_49l8qytq;275808;1611896783.0
t2_49l8qytq;248255;1611983085.0
t2_7xln8iwn;220502;1611870551.0
t2_49l8qytq;213034;1613797555.0
t2_ibb4x;209732;1612004020.0
t2_49l8qytq;208449;1611810935.0
t2_49l8qytq;208148;1612242456.0
t2_y5a4a;185100;1612083863.0
t2_wi0z0;173900;1611900514.0
t2_49l8qytq;161389;1615266511.0
t2_49l8qytq;152817;1612329108.0
t2_3ai9t1;144206;1613641040.0
t2_1050ws;143129;1611839174.0
t2_49l8qytq;142343;1614402438.0
t2_j05fx;140475;1612158089.0
t2_49l8qytq;140069;1612415905.0
t2_49l8qytq;133756;1611724083.0
t2_5ahsfmv0;132088;1612026195.0
t2_eytc;129331;1612424628.0
t2_1t9tm8uf;123387;1611946637.0
t2_p8xx00i;116753;1612225048.0
t2_40aj6;115228;1611959332.0
t2_956r9lcv;112344;1612952516.0
t2_8dnwavku;112323;1612204447.0
t2_3wpzptch;108702;1611882147.0
t2_h7n4j;108624;1612301364.0
t2_13ebn55l;107307;1614513933.0
t2_n4ssz;106992;1612844205.0
t2_37wskbtz;106123;1611985243.0
t2_193wejn7;105341;1611823931.0
t2_dppmqv1;102973;1615437736.0
t2_h5jn0;102773;1591001340.0
t2_7gsl4;102113;1592523369.0
t2_z8t6j;101887;1612256733.0
t2_b5oec;97921;1614315865.0
t2_121b9s;94437;1611800297.0
t2_2mbobbra;94316;1611907102.0
t2_bd3y4;94261;1571111332.0
t2_exw5d;93042;1604452560.0
t2_49l8qytq;90820;1611378848.0
t2_4nvatocu;87935;1611863718.0
t2_16vp6c;86779;1584683755.0
t2_r2hbz;86699;1611868603.0
t2_4n7f6oqx;86447;1611855608.0
t2_dmutp;86295;1612263785.0
t2_13cwa4;86224;1612312993.0
t2_a0be9083;85437;1611921942.0
t2_389s2;85272;1611874665.0
t2_6iml8;84075;1614227699.0
t2_3inkg;83990;1611886236.0
t2_5m31xot3;83851;1614293924.0
t2_9alq89;83673;1614360393.0
t2_4m9gyd54;82965;1611796992.0
t2_cvi7lft;81560;1614299493.0
t2_49l8qytq;81553;1611637536.0
t2_j35d1;81486;1611970613.0
t2_d2yse;81478;1585302798.0
t2_8ua2v;80430;1527582592.0
t2_x270e;80007;1612253867.0
t2_q92f9;77850;1515479763.0
t2_28lisgha;77364;1611795875.0
t2_29hrvnmr;77167;1612334052.0
t2_8b13d6v3;76953;1614070001.0
t2_106nm59t;76846;1611977217.0
t2_bs1a6;76617;1613868793.0
t2_4yhdpmwx;75340;1612219560.0
t2_cuq6b;75275;1611895920.0
t2_8eqg3;75134;1611980245.0
t2_321bymnk;74508;1611956876.0
t2_8v2gwdph;74259;1612064868.0
t2_ck1pw;73270;1612173189.0
t2_c455u;72271;1481256355.0
t2_77dyo2kx;71905;1611863663.0
t2_7xyxw;71861;1614305421.0
t2_139gxa;71678;1611877111.0
t2_gfadm;71680;1612851592.0
t2_5aisf339;71313;1612578559.0
t2_21jgkwtj;71084;1611862876.0
t2_716bk0g8;70885;1615429279.0
t2_1382i4;70704;1612002016.0
t2_1ws3gndj;70046;1612014923.0
t2_rtojk;69607;1615252158.0
t2_1vyln6be;68603;1611972374.0
t2_fkn5lwt;68517;1611903579.0
t2_b9qqm;68433;1612075446.0
t2_cj3qelq;66943;1612434408.0
t2_cidyq;66363;1612183214.0
t2_3mm5jf86;65757;1611729429.0
t2_99nlv8vf;65378;1611805600.0
t2_nl69z;65354;1568878412.0
t2_caac7;65034;1611989926.0
t2_15e1vs;64784;1614433709.0
t2_90wjmfvf;64618;1612131035.0
t2_69scw;64164;1615390200.0
t2_hoyzhkj;63531;1612008498.0
t2_xd2id;63501;1584497323.0
t2_4ddnjs1a;62965;1611991084.0
t2_618jaruc;61661;1612177728.0
t2_112x85;61265;1612904572.0
t2_q4qhzlu;61125;1567804040.0
t2_3x93palq;60228;1612348734.0
t2_104hqg;59039;1615094571.0
t2_y5ucc45;58820;1611881040.0
t2_1781an;58767;1616211616.0
t2_ftqqp;58677;1534240511.0
t2_697ljx3d;58657;1615950744.0
t2_cbjl0;58633;1612031702.0
t2_7yyt7ly6;58582;1612382419.0
t2_40rs1jn8;58460;1612649716.0
t2_yqz2w;58208;1613276530.0
t2_8lzq3;58085;1612109430.0
t2_bkxct;58015;1611623901.0
t2_ce1jm;57734;1611979221.0
t2_rncpx;57737;1612660942.0
t2_92q15j1x;57730;1611907864.0
t2_j6u76;56949;1612245501.0
t2_6ad6um1u;56791;1612055056.0
t2_3z8nqpss;56476;1614338203.0
t2_gmsig;56423;1584683411.0
t2_4q234aoy;55967;1611752976.0
t2_3n2rmf13;55823;1611982870.0
t2_17720e;55774;1612329515.0
t2_4olpzfx2;55523;1612293997.0
t2_13rpty;54960;1612142464.0
t2_ju34s;54882;1614233796.0
t2_8m7yk7a6;54620;1612216312.0
t2_p0dwi;54183;1611952264.0
t2_6b3m20e;53504;1614915394.0
t2_4xvzo6qe;53053;1612042935.0
t2_12f5dv;52821;1513983569.0
t2_yesu4;52073;1615953068.0
t2_49l8qytq;51849;1610600659.0
t2_z9revis;51637;1612094580.0
t2_bd6q5;50607;1611988157.0
t2_6ncmee6m;50528;1612236879.0
t2_4ahi0pr6;49828;1612010874.0
t2_jxdk4w9;49413;1613518322.0
t2_38rqa8vt;49310;1614682179.0
t2_op6so;48405;1614770700.0
t2_3cg8o5pr;48331;1613992907.0
t2_bd46v;48266;1584850891.0
t2_bd6q5;48228;1615411811.0
t2_bd6q5;47712;1615426521.0
t2_hube7;47658;1613663187.0
t2_11n4ju;47661;1614266732.0
t2_ee3n6;47614;1612262216.0
t2_t27vp;47239;1584863941.0
t2_9171oy4x;47089;1615343081.0
t2_11dhu4;47075;1613442540.0
t2_exycv;46633;1611922606.0
t2_hgv1w;46217;1612137656.0
t2_4x9no8i9;45417;1615316021.0
t2_xro91;45240;1500285700.0
t2_76k14;44976;1612847787.0
t2_7w9ws58u;44918;1611901661.0
t2_mp0ad;44417;1611942710.0
t2_95ndw;44361;1611874612.0
t2_5getdylw;44224;1615887657.0
t2_5n3t8q8y;44214;1612252852.0
t2_29w5jkfv;44187;1611838234.0
t2_4887t;44159;1612222238.0
t2_5t1y3p12;43965;1611965959.0
t2_9n2jbktw;43445;1616094951.0
t2_7rl1an6;43340;1612219774.0
t2_75n6f;43298;1611960381.0
t2_ia067;43157;1610536208.0
t2_ke9pegq;42841;1612320977.0
t2_48vs4u3p;42759;1612350227.0
t2_j9vdp;42566;1612314664.0
t2_812vig2;42533;1612495143.0
t2_5r2dw;42225;1612229314.0
t2_6cojgqvt;42212;1615940713.0
t2_aqg7k;41889;1611784441.0
t2_4rhsq;41809;1611982233.0
t2_ev41jyu;41806;1611977038.0
t2_3apilxnu;41821;1611843107.0
t2_r1mvi;41803;1614305817.0
t2_qikm3gz;41758;1612146440.0
t2_2pw74w9;41711;1612593568.0
t2_yesu4;41169;1611950634.0
t2_vev2iv9;41063;1615370812.0
t2_15s6el;40924;1612239779.0
t2_qw5owz5;40610;1612004802.0
t2_3t7a6;40580;1612496646.0
t2_21fsp0jl;40565;1612069479.0
t2_6emfbvwn;40443;1614695015.0
t2_11ujst;40198;1611896296.0
t2_8xmsc;39929;1611875458.0
t2_7apecu5u;39722;1611879092.0
t2_9furijoi;39587;1614327581.0
t2_97xxi;39553;1615462627.0
t2_1lxq6zmw;39539;1612242771.0
t2_9c59ht97;39502;1612299455.0
t2_2cs1xv7u;39369;1556496256.0
t2_14f8jl;39303;1563156011.0
t2_77qjl;39309;1611906539.0
t2_7xyxw;39046;1615248499.0
t2_kug65;38855;1613699219.0
t2_49l8qytq;38828;1611119155.0
t2_9bnel;38798;1549364855.0
t2_3lppejhj;38682;1612222593.0
t2_6gst15ig;38140;1611924281.0
t2_563nfe6c;38074;1615326147.0
t2_jdrmx;38024;1614595888.0
t2_176vye;37705;1611932183.0
t2_12zk6n;37665;1612502175.0
t2_582mk;37438;1611997217.0
t2_8yxybuou;37417;1616027567.0
t2_o8llz3n;37391;1612575901.0
t2_3q1l46kt;37294;1585469940.0
t2_4q90ccif;37261;1612224990.0
t2_55oobd0h;37255;1611863272.0
t2_58djoflr;37229;1614975805.0
t2_t6u7y;36834;1612172277.0
t2_7y0oc;36707;1612167929.0
t2_bd6q5;36700;1611804368.0
t2_kse1b;36629;1526695324.0
t2_7hhk33m;36624;1612144751.0
t2_wbfxv;36283;1611788439.0
t2_177s9a;36088;1612733333.0
t2_l6hsy91;35924;1611885881.0
t2_8slh5uik;35900;1612297349.0
t2_arhvk;35563;1611968061.0
t2_gyjbc;35336;1612339673.0
t2_kx2ze1g;35296;1616177543.0
t2_bd6q5;35202;1616185812.0
t2_60surwqy;35175;1614581063.0
t2_ciem5;34955;1614316975.0
t2_aqg7k;34720;1612058608.0
t2_9z3c0scc;34569;1612209757.0
t2_4oalhe61;34364;1612101429.0
t2_i26j1;34148;1612215936.0
t2_5kwu1t0h;34092;1611892391.0
t2_1w7kx5p2;34010;1612818346.0
t2_1dzgszi5;34004;1611941747.0
t2_y0ope;33824;1587589102.0
t2_4ji08be0;33702;1612529711.0
t2_2cy46e44;33708;1611988508.0
t2_106nm59t;33658;1611947513.0
t2_88f1sdli;33545;1612002272.0
t2_16pjfv;33452;1615528141.0
t2_4383x6e2;33405;1611876191.0
t2_l9aeikg;33282;1611713279.0
t2_1iwypvki;33267;1612090749.0
t2_4gj05;33219;1595728215.0
t2_39ilgp3i;33182;1582005560.0
t2_175yyb;33066;1611913879.0